number,keyword
1,gopro hero 3 black edition
2,sony camcorder
3,gopro hero 3 silver
4,hd camcorder
5,gopro hero
6,action camera
7,sony handycam
8,contour
9,hero 3
10,canon vixia
11,go pro camera
12,jvc camcorder
13,gopro 3
14,professional camcorder
15,sony action cam
16,digital video camera
17,professional video camera
18,digital camcorder
19,mini dv camcorder
20,canon camcorder
21,gopro black
22,sony hdr
23,helmet camera
24,jvc everio
25,hd video camera
26,gopro 3 black
27,flip video
28,flip
29,hero 3 black
30,sony bloggie
31,panasonic camcorder
32,sony hd camcorder
33,contour roam 2
34,hero 2
35,gopro 2
36,action cam
37,gopro hero 3 white
38,samsung camcorder
39,flip camcorder
40,sony video camera
41,blackmagic cinema camera
42,contour 2
43,sony pmw
44,panasonic ag
45,contour roam
46,gopro hero 3 silver edition
47,hd camera
48,flip camera
49,hero 3 black edition
50,gopro hero 1
51,contour camera
52,hero
53,kodak playsport
54,sport camera
55,canon hd camcorder
56,drift hd
57,vhs camcorder
58,ion air pro
59,gopro silver
60,sony hvr
61,handycam
62,mini dv
63,sony dsr
64,waterproof camera
65,canon video camera
66,canon vixia hf
67,flip ultra hd
68,hi8 camcorder
69,gopro hd hero 2
70,hd
71,canon xl2
72,canon xl
73,sanyo xacti
74,contour hd
75,jvc adixxion
76,sony mini dv camcorder
77,dvd camcorder
78,8mm camcorder
79,gopro hero hd
80,drift hd ghost
81,panasonic hdc
82,night vision camcorder
83,professional hd camcorder
84,gopro 3 black edition
85,sony professional camcorder
86,hdr
87,gopro 3 silver
88,xdcam
89,helmet cam
90,canon gl2
91,drift ghost
92,canon xa10
93,vixia
94,panasonic hvx200
95,gopro hd
96,hero 3 silver
97,jvc gy
98,bloggie
99,sony xdcam
100, mini dv player
